1,1916,소요산,100,1,100,3,0,0,1707,1915,1916
1,1915,동두천,101,1,101,3,3,1,1747,1914,1916
1,1914,보산,102,1,102,2,3,2,2197,1913,1915
1,1913,동두천중앙,103,1,103,2,2,3,3018,1912,1914
1,1912,지행,104,1,104,5,2,4,7582,1911,1913
1,1911,덕정,105,1,105,3,5,5,2591,1910,1912
1,1910,덕계,106,1,106,5,4,6,331,1909,1911
1,1909,양주,107,1,107,3,5,7,1349,1908,1910
1,1908,녹양,108,1,108,2,2,8,3708,1907,1909
1,1907,가능,109,1,110,3,2,9,7193,1906,1908
1,1906,의정부,110,1,111,3,3,10,36327,1905,1907
1,1905,회룡,111,2,112,2,3,11,19377,1904,1906
1,1904,망월사,112,1,113,3,2,12,4006,1903,1905
1,1903,도봉산,113,2,114,2,3,13,4406,1902,1904
1,1902,도봉,114,1,115,2,2,14,2889,1901,1903
1,1901,방학,115,1,116,3,2,15,5863,1022,1902
1,1022,창동,116,2,117,2,2,16,14738,1021,1901
1,1021,녹천,117,1,118,2,2,17,1226,1020,1022
1,1020,월계,118,1,119,3,3,18,13434,1019,1021
1,1019,광운대,119,2,120,2,2,19,3866,1018,1020
1,1018,석계,120,2,121,3,3,20,18973,1017,1019
1,1017,신이문,121,1,122,1,3,21,1215,1016,1018
1,1016,외대앞,122,1,123,2,1,22,2991,1015,1017
1,1015,회기,123,3,124,3,2,23,36076,158,1016
1,158,청량리,124,3,125,2,3,24,15523,157,1015
1,157,제기동,125,1,126,2,2,25,2675,156,158
1,156,신설동,126,3,127,2,2,26,3787,159,157
1,159,동묘앞,127,2,199,2,2,27,4466,155,156
1,155,동대문,128,2,128,2,1,28,8354,154,159
1,154,종로5가,129,1,129,2,2,29,3479,153,155
1,153,종로3가,130,3,130,2,2,30,7179,152,154
1,152,종각,131,1,131,3,2,31,34847,151,153
1,151,시청,132,2,132,2,3,32,44788,150,152
1,150,서울,133,3,133,3,2,33,337326,1002,151
1,1002,남영,134,1,134,3,3,34,17341,1003,150
1,1003,용산,135,2,135,3,3,35,88468,1004,1002
1,1004,노량진,136,2,136,3,4,36,9509,1005,1003
1,1005,대방,137,1,137,1,2,37,7177,1032,1004
1,1032,신길,138,2,138,3,2,38,4742,1006,1005
1,1006,영등포,139,1,139,3,3,39,40790,1007,1032
1,1007,신도림,140,2,140,3,2,40,23974,1701,1006
1,1701,구로,141,1,141,2,3,41,16164,1813,1007
1,1813,구일,142,1,142,2,3,42,7487,1801,1701
1,1801,개봉,143,1,143,3,2,43,16326,1802,1813
1,1802,오류동,144,1,144,3,2,44,4792,1821,1801
1,1821,온수,145,2,145,2,3,45,5239,1803,1802
1,1803,역곡,146,1,146,2,2,46,13928,1814,1821
1,1814,소사,147,1,147,2,3,47,4987,1804,1803
1,1804,부천,148,1,148,3,2,48,175852,1822,1814
1,1822,중동,149,1,149,2,2,49,11027,1805,1804
1,1805,송내,150,1,150,2,2,50,23154,1815,1822
1,1815,부개,151,1,151,2,2,51,5612,1806,1805
1,1806,부평,152,2,152,3,3,52,89415,1807,1815
1,1807,백운,153,1,153,2,2,53,5692,1808,1806
1,1808,동암,154,1,154,3,3,54,13104,1816,1807
1,1816,간석,155,1,155,2,2,55,7232,1809,1808
1,1809,주안,156,2,156,2,2,56,29413,1823,1816
1,1823,도화,157,1,157,2,2,57,1926,1810,1809
1,1810,제물포,158,1,158,2,2,58,3062,1817,1823
1,1817,도원,159,1,159,2,2,59,2766,1811,1810
1,1811,동인천,160,1,160,3,2,60,6237,1812,1817
1,1812,인천,161,2,161,0,3,61,18300,1812,1811
2,201,시청,201,2,201,2,2,62,44788,202,243
2,202,을지로입구,202,1,202,2,2,63,6279,203,201
2,203,을지로3가,203,2,203,1,2,64,2950,204,202
2,204,을지로4가,204,2,204,2,1,65,912,205,203
2,205,동대문역사문화공원,205,3,205,2,2,66,10365,206,204
2,206,신당,206,2,206,1,3,67,18361,207,205
2,207,상왕십리,207,1,207,2,1,68,3851,208,206
2,208,왕십리,208,4,208,2,2,69,21024,209,207
2,209,한양대,209,1,209,2,2,70,2490,210,208
2,210,뚝섬,210,1,210,2,2,71,35077,211,209
2,211,성수,211,1,211,2,1,72,50824,212,210
2,244,용답,211-1,1,251,2,3,73,1552,245,211
2,245,신답,211-2,1,252,2,2,74,1139,250,244
2,250,용두,211-3,1,254,2,2,75,1228,246,245
2,246,신설동,211-4,3,253,0,2,76,3787,246,250
2,212,건대입구,212,2,212,2,3,77,34855,213,211
2,213,구의,213,1,213,2,2,78,29285,214,212
2,214,강변,214,1,214,2,2,79,22962,215,213
2,215,잠실나루,215,1,215,2,3,80,3755,216,214
2,216,잠실,216,2,216,2,2,81,71605,217,215
2,217,잠실새내,217,1,217,6,2,82,19900,214,216
2,218,종합운동장,218,2,218,2,2,83,5837,219,217
2,219,삼성,219,1,219,3,2,84,246673,220,218
2,220,선릉,220,2,220,2,2,85,136657,221,219
2,221,역삼,221,1,221,1,3,86,92820,222,220
2,222,강남,222,2,222,3,1,87,1526386,223,221
2,223,교대,223,2,223,1,2,88,46261,224,222
2,224,서초,224,1,224,3,2,89,19999,225,223
2,225,방배,225,1,225,3,2,90,45616,226,224
2,226,사당,226,2,226,3,3,91,88358,227,225
2,227,낙성대,227,1,227,2,3,92,15949,228,226
2,228,서울대입구,228,1,228,1,2,93,76207,229,227
2,229,봉천,229,1,229,2,1,94,13063,230,228
2,230,신림,230,1,230,3,2,95,93740,231,229
2,231,신대방,231,1,231,2,3,96,14361,232,230
2,232,구로디지털단지,232,1,232,2,2,97,16786,233,231
2,233,대림,233,2,233,3,2,98,10582,234,232
2,234,신도림,234,2,234,3,3,99,23974,235,233
2,247,도림천,234-1,1,261,3,2,100,443,248,234
2,248,양천구청,234-2,1,262,3,3,101,809,249,247
2,249,신정네거리,234-3,1,263,3,3,102,3366,260,248
2,260,까치산,234-4,2,264,0,3,103,21341,260,249
2,235,문래,235,1,235,1,3,104,13796,236,234
2,236,영등포구청,236,2,236,2,1,105,11982,237,235
2,237,당산,237,2,237,3,2,106,32441,238,236
2,238,합정,238,2,238,3,3,107,110076,239,237
2,239,홍대입구,239,3,239,2,2,108,101511,240,238
2,240,신촌,240,1,240,2,3,109,42076,241,239
2,241,이대,241,1,241,1,2,110,22156,242,240
2,242,아현,242,1,242,2,1,111,5736,243,241
2,243,충정로,243,2,243,2,2,112,3955,201,242
3,1948,원흥,309,1,370,3,3,113,8871,1950,1951
3,1958,대화,310,1,310,3,0,114,23857,1957,1958
3,1957,주엽,311,1,311,2,2,115,10349,1956,1958
3,1956,정발산,312,1,312,2,2,116,14586,1955,1957
3,1955,마두,313,1,313,3,2,117,10660,1954,1956
3,1954,백석,314,1,314,3,3,118,19509,1953,1955
3,1953,대곡,315,2,315,3,3,119,7483,1952,1954
3,1952,화정,316,1,316,3,3,120,20219,1951,1953
3,1951,원당,317,1,317,3,4,121,3475,1948,1952
3,1950,삼송,318,1,318,3,2,122,9585,309,1948
3,309,지축,319,1,319,3,3,123,805,310,1950
3,310,구파발,320,1,320,3,4,124,6284,311,309
3,311,연신내,321,2,321,2,2,125,9959,312,310
3,312,불광,322,2,322,2,2,126,10475,313,311
3,313,녹번,323,1,323,2,2,127,3236,314,312
3,314,홍제,324,1,324,2,3,128,8980,315,313
3,315,무악재,325,1,325,2,2,129,1042,316,314
3,316,독립문,326,1,326,2,2,130,3631,317,315
3,317,경복궁,327,1,327,2,2,131,73410,318,316
3,318,안국,328,1,328,2,2,132,80372,319,317
3,319,종로3가,329,3,329,1,2,133,7179,320,318
3,320,을지로3가,330,2,330,2,2,134,2950,321,319
3,321,충무로,331,2,331,2,1,135,7276,322,320
3,322,동대입구,332,1,332,1,2,136,3153,323,321
3,323,약수,333,2,333,2,2,137,27890,324,322
3,324,금호,334,1,334,1,1,138,7187,325,323
3,325,옥수,335,2,335,3,2,139,11566,326,324
3,326,압구정,336,1,336,2,2,140,41730,327,325
3,327,신사,337,1,337,2,3,141,250039,328,326
3,328,잠원,338,1,338,2,2,142,3850,329,327
3,329,고속터미널,339,3,339,3,2,143,11020,330,328
3,330,교대,340,2,340,2,2,144,46261,331,329
3,331,남부터미널,341,1,341,3,2,145,5352,332,330
3,332,양재,342,2,342,3,3,146,57282,333,331
3,333,매봉,343,1,343,2,2,147,16849,334,332
3,334,도곡,344,2,344,1,2,148,4696,335,333
3,335,대치,345,1,345,2,2,149,7290,336,334
3,336,학여울,346,1,346,2,1,150,16528,337,335
3,337,대청,347,1,347,2,2,151,3710,338,336
3,338,일원,348,1,348,3,2,152,1758,339,337
3,339,수서,349,2,349,2,2,153,37876,340,338
3,340,가락시장,350,2,350,1,3,154,6964,341,339
3,341,경찰병원,351,1,351,1,1,155,3984,342,340
3,342,오금,352,2,352,0,1,156,5278,342,341
4,409,당고개,409,1,409,3,0,157,1970,410,409
4,410,상계,410,1,410,2,3,158,10211,411,409
4,411,노원,411,2,411,2,2,159,67005,412,410
4,412,창동,412,2,412,2,2,160,14740,413,411
4,413,쌍문,413,1,413,3,2,161,19740,414,412
4,414,수유,414,1,414,2,3,162,66399,415,413
4,415,미아,415,1,415,2,2,163,20016,416,414
4,416,미아사거리,416,1,416,3,3,164,7117,417,415
4,417,길음,417,1,417,2,3,165,9624,418,416
4,418,성신여대입구,418,2,418,2,2,166,7902,419,417
4,419,한성대입구,419,1,419,2,2,167,9934,420,418
4,420,혜화,420,1,420,3,2,168,120727,421,419
4,421,동대문,421,2,421,2,2,169,8354,422,420
4,422,동대문역사문화공원,422,3,422,2,1,170,10365,423,421
4,423,충무로,423,2,423,1,3,171,7276,424,422
4,424,명동,424,1,424,2,1,172,19176,425,423
4,425,회현,425,1,425,2,2,173,9848,426,424
4,426,서울,426,3,426,2,2,174,337328,427,425
4,427,숙대입구,427,1,427,2,2,175,9987,428,426
4,428,삼각지,428,2,428,1,2,176,9233,429,427
4,429,신용산,429,1,429,3,2,177,9058,430,428
4,430,이촌,430,2,430,3,3,178,9331,431,429
4,431,동작,431,2,431,3,3,179,3575,432,430
4,432,총신대입구(이수),432,2,432,2,3,180,112669,433,431
4,433,사당,433,2,433,3,2,181,88358,434,432
4,434,남태령,434,1,434,3,3,182,423,1450,433
4,1450,선바위,435,1,435,2,3,183,1875,1451,434
4,1451,경마공원,436,1,436,2,2,184,996,1452,1450
4,1452,대공원,437,1,437,2,2,185,3903,1453,1451
4,1453,과천,438,1,438,2,2,186,930,1454,1452
4,1454,정부과천청사,439,1,439,4,2,187,1241,1455,1453
4,1455,인덕원,440,1,440,2,3,188,6305,1456,1454
4,1456,평촌,441,1,441,2,2,189,23209,1457,1455
4,1457,범계,442,1,442,3,2,190,43565,1458,1456
4,1458,금정,443,2,443,5,4,191,15562,1751,1457
4,1751,산본,444,1,444,2,5,192,19841,1763,1458
4,1763,수리산,445,1,445,3,2,193,1417,1752,1751
4,1752,대야미,446,1,446,3,3,194,813,1753,1763
4,1753,반월,447,1,447,3,3,195,2244,1754,1752
4,1754,상록수,448,1,448,2,4,196,24260,1755,1753
4,1755,한대앞,449,1,449,3,2,197,12021,1756,1754
4,1756,중앙,450,1,450,2,2,198,34901,1757,1755
4,1757,고잔,451,1,451,2,2,199,11249,1758,1756
4,1758,초지,452,1,452,3,2,200,1474,1759,1757
4,1759,안산,453,1,453,3,3,201,6627,1760,1758
4,1760,신길온천,454,1,454,3,3,202,612,1761,1759
4,1761,정왕,455,1,455,3,3,203,10218,1762,1760
4,1762,오이도,456,2,456,0,3,204,5640,1762,1761
5,2511,방화,510,1,510,2,0,205,6133,2512,2511
5,2512,개화산,511,1,511,2,1,206,5906,2513,2511
5,2513,김포공항,512,3,512,3,3,207,2404,2514,2512
5,2514,송정,513,1,513,2,2,208,32997,2515,2513
5,2515,마곡,514,1,514,2,2,209,11113,2516,2514
5,2516,발산,515,1,515,2,2,210,48527,2517,2515
5,2517,우장산,516,1,516,2,2,211,15824,2518,2516
5,2518,화곡,517,1,517,2,2,212,40142,2519,2517
5,2519,까치산,518,2,518,2,2,213,21340,2520,2518
5,2520,신정,519,1,519,2,3,214,7967,2521,2519
5,2521,목동,520,1,520,2,1,215,31074,2522,2520
5,2522,오목교,521,1,521,2,2,216,21184,2523,2521
5,2523,양평,522,1,522,1,2,217,6435,2524,2522
5,2524,영등포구청,523,2,523,2,1,218,11982,2525,2523
5,2525,영등포시장,524,1,524,2,2,219,2774,2526,2524
5,2526,신길,525,2,525,2,2,220,4742,2527,2525
5,2527,여의도,526,2,526,2,2,221,14822,2528,2526
5,2528,여의나루,527,1,527,2,2,222,20807,2529,2527
5,2529,마포,528,1,528,2,2,223,21015,2530,2528
5,2530,공덕,529,4,529,2,2,224,35610,2531,2529
5,2531,애오개,530,1,530,1,2,225,3763,2532,2530
5,2532,충정로,531,2,531,2,1,226,3955,2533,2531
5,2533,서대문,532,1,532,2,2,227,9505,2534,2532
5,2534,광화문,533,1,533,2,2,228,12350,2535,2533
5,2535,종로3가,534,3,534,2,2,229,7180,2536,2534
5,2536,을지로4가,535,2,535,2,2,230,912,2537,2535
5,2537,동대문역사문화공원,536,3,536,2,2,231,10365,2538,2536
5,2538,청구,537,2,537,2,2,232,7769,2539,2537
5,2539,신금호,538,1,538,2,2,233,3273,2540,2538
5,2540,행당,539,1,539,1,2,234,3449,2541,2539
5,2541,왕십리,540,4,540,2,1,235,21025,2542,2540
5,2542,마장,541,1,541,2,2,236,1455,2543,2541
5,2543,답십리,542,1,542,2,2,237,3733,2544,2542
5,2544,장한평,543,1,543,2,2,238,6978,2545,2543
5,2545,군자,544,2,544,2,2,239,38573,2546,2544
5,2546,아차산,545,1,545,2,2,240,15316,2547,2545
5,2547,광나루,546,1,546,3,2,241,6068,2548,2546
5,2548,천호,547,2,547,2,3,242,34705,2549,2547
5,2549,강동,548,1,548,2,2,243,16630,2550,2548
5,2550,길동,549,1,549,2,2,244,10890,2551,2549
5,2551,굽은다리,550,1,550,1,1,245,9178,2552,2550
5,2552,명일,551,1,551,2,2,246,6332,2553,2551
5,2553,고덕,552,1,552,2,2,247,4775,2554,2552
5,2554,상일동,553,1,553,0,2,248,1878,2554,2553
6,2611,응암,610,1,610,2,0,249,16675,2612,2611
6,2612,역촌,611,1,611,2,10,250,4858,2613,2611
6,2613,불광,612,2,612,1,16,251,10475,2614,2612
6,2614,독바위,613,1,613,3,14,252,826,2615,2613
6,2615,연신내,614,2,614,2,7,253,9959,2616,2614
6,2616,구산,615,1,615,2,16,254,9215,2611,2615
6,2617,새절,616,1,616,2,2,255,13336,2618,2611
6,2618,증산,617,1,617,2,2,256,18284,2619,2617
6,2619,디지털미디어시티,618,3,618,2,2,257,4058,2620,2618
6,2620,월드컵경기장,619,1,619,1,2,258,3037,2621,2619
6,2621,마포구청,620,1,620,2,1,259,9762,2622,2620
6,2622,망원,621,1,621,2,2,260,31099,2623,2621
6,2623,합정,622,2,622,2,2,261,110075,2624,2622
6,2624,상수,623,1,623,1,2,262,96464,2625,2623
6,2625,광흥창,624,1,624,2,1,263,5935,2626,2624
6,2626,대흥,625,1,625,2,2,264,7818,2627,2625
6,2627,공덕,626,4,4002,2,2,265,35610,2628,2626
6,2628,효창공원앞,627,2,627,2,2,266,2656,2629,2627
6,2629,삼각지,628,2,628,2,2,267,9233,2630,2628
6,2630,녹사평,629,1,629,2,2,268,32611,2631,2629
6,2631,이태원,630,1,630,2,2,269,95923,2632,2630
6,2632,한강진,631,1,631,2,2,270,39213,2633,2631
6,2633,버티고개,632,1,632,1,2,271,1835,2634,2632
6,2634,약수,633,2,333,2,1,272,27890,2635,2633
6,2635,청구,634,2,537,2,2,273,7769,2636,2634
6,2636,신당,635,2,635,1,2,274,18361,2637,2635
6,2637,동묘앞,636,2,636,2,1,275,4466,2638,2636
6,2638,창신,637,1,637,2,2,276,792,2639,2637
6,2639,보문,638,2,638,1,2,277,5997,2640,2638
6,2640,안암,639,1,639,2,1,278,8525,2641,2639
6,2641,고려대,640,1,640,2,2,279,2658,2642,2640
6,2642,월곡,641,1,641,2,2,280,6956,2643,2641
6,2643,상월곡,642,1,642,1,2,281,1122,2644,2642
6,2644,돌곶이,643,1,643,2,1,282,3697,2645,2643
6,2645,석계,644,2,644,2,2,283,18974,2646,2644
6,2646,태릉입구,645,2,645,2,2,284,7617,2647,2645
6,2647,화랑대,646,1,646,1,2,285,6034,2648,2646
6,2648,봉화산,647,1,647,0,1,286,3239,2648,2647
7,2711,장암,709,1,709,5,0,287,1552,2712,2711
7,2712,도봉산,710,2,710,2,5,288,4406,2713,2711
7,2713,수락산,711,1,711,3,3,289,8410,2714,2712
7,2714,마들,712,1,712,2,2,290,4215,2715,2713
7,2715,노원,713,2,713,2,2,291,67007,2716,2714
7,2716,중계,714,1,714,1,2,292,4913,2717,2715
7,2717,하계,715,1,715,2,2,293,3961,2718,2716
7,2718,공릉,716,1,716,2,2,294,9601,2719,2717
7,2719,태릉입구,717,2,717,2,1,295,7617,2720,2718
7,2720,먹골,718,1,718,1,2,296,10379,2721,2719
7,2721,중화,719,1,719,3,2,297,8554,2722,2720
7,2722,상봉,720,3,720,1,2,298,15064,2723,2721
7,2723,면목,721,1,721,2,2,299,6555,2724,2722
7,2724,사가정,722,1,722,2,1,300,10654,2725,2723
7,2725,용마산,723,1,723,1,2,301,1869,2726,2724
7,2726,중곡,724,1,724,2,2,302,4868,2727,2725
7,2727,군자,725,2,725,2,2,303,38573,2728,2726
7,2728,어린이대공원,726,1,726,2,2,304,18485,2729,2727
7,2729,건대입구,727,2,727,2,1,305,34855,2730,2728
7,2730,뚝섬유원지,728,1,728,3,3,306,7794,2731,2729
7,2731,청담,729,1,729,2,2,307,22361,2732,2730
7,2732,강남구청,730,2,730,2,2,308,60589,2733,2731
7,2733,학동,731,1,731,2,2,309,66750,2734,2732
7,2734,논현,732,1,732,1,2,310,84506,2735,2733
7,2735,반포,733,1,733,2,2,311,3165,2736,2734
7,2736,고속터미널,734,3,734,3,2,312,11020,2737,2735
7,2737,내방,735,1,735,2,4,313,26637,2738,2736
7,2738,총신대입구(이수),736,2,736,2,2,314,112669,2739,2737
7,2739,남성,737,1,737,3,2,315,29011,2740,2738
7,2740,숭실대입구,738,1,738,2,3,316,3010,2741,2739
7,2741,상도,739,1,739,2,1,317,7751,2742,2740
7,2742,장승배기,740,1,740,2,2,318,4443,2743,2741
7,2743,신대방삼거리,741,1,741,2,3,319,6916,2744,2742
7,2744,보라매,742,1,742,2,1,320,9234,2745,2743
7,2745,신풍,743,1,743,2,2,321,5211,2746,2744
7,2746,대림,744,2,744,2,3,322,10582,2747,2745
7,2747,남구로,745,1,745,2,2,323,7176,2748,2746
7,2748,가산디지털단지,746,2,746,3,1,324,10664,2749,2747
7,2749,철산,747,1,747,2,3,325,16717,2750,2748
7,2750,광명사거리,748,1,748,2,2,326,6385,2751,2749
7,2751,천왕,749,1,749,3,3,327,5681,2752,2750
7,2752,온수,750,2,750,3,2,328,5239,2753,2751
7,2753,까치울,751,1,751,2,3,329,4784,2754,2752
7,2754,부천종합운동장,752,1,752,2,2,330,462,2755,2753
7,2755,춘의,753,1,753,2,2,331,2540,2756,2754
7,2756,신중동,754,1,754,2,2,332,28715,2757,2755
7,2757,부천시청,755,1,755,1,1,333,15673,2758,2756
7,2758,상동,756,1,756,2,2,334,20659,2759,2757
7,2759,삼산체육관,757,1,757,2,2,335,969,2760,2758
7,2760,굴포천,758,1,758,1,2,336,7222,2761,2759
7,2761,부평구청,759,2,759,0,1,337,7065,2761,2760
8,2811,암사,810,1,810,2,0,338,7628,2812,2811
8,2812,천호,811,2,811,2,1,339,34706,2813,2811
8,2813,강동구청,812,1,812,2,2,340,5113,2814,2812
8,2814,몽촌토성,813,1,813,2,3,341,4504,2815,2813
8,2815,잠실,814,2,814,2,2,342,71606,2816,2814
8,2816,석촌,815,1,815,2,2,343,16302,2817,2815
8,2817,송파,816,1,816,2,2,344,6204,2818,2816
8,2818,가락시장,817,2,817,1,2,345,6964,2819,2817
8,2819,문정,818,1,818,2,1,346,15174,2820,2818
8,2820,장지,819,1,819,2,2,347,13547,2821,2819
8,2821,복정,820,2,820,3,1,348,4454,2822,2820
8,2822,산성,821,1,821,3,4,349,2184,2823,2821
8,2823,남한산성입구,822,1,822,2,3,350,3249,2824,2822
8,2824,단대오거리,823,1,823,1,1,351,2490,2825,2823
8,2825,신흥,824,1,824,2,2,352,17468,2826,2824
8,2826,수진,825,1,825,1,2,353,16058,2827,2825
8,2827,모란,826,2,826,0,1,354,33603,2827,2826
9,4101,개화,901,1,901,5,0,355,1458,4102,4101
9,4102,김포공항,902,3,902,2,6,356,2404,4103,4101
9,4103,공항시장,903,1,903,1,2,357,1898,4104,4102
9,4104,신방화,904,1,904,3,2,358,11074,4105,4103
9,4105,마곡나루,905,1,905,2,3,359,26211,4106,4104
9,4106,양천향교,906,1,906,4,2,360,6260,4107,4105
9,4107,가양,907,1,907,2,3,361,15336,4108,4106
9,4108,증미,908,1,908,2,4,362,7006,4109,4107
9,4109,등촌,909,1,909,2,2,363,23474,4110,4108
9,4110,염창,910,1,910,2,2,364,14279,4111,4109
9,4111,신목동,911,1,911,2,2,365,1017,4112,4110
9,4112,선유도,912,1,912,2,3,366,11306,4113,4111
9,4113,당산,913,2,913,2,2,367,32442,4114,4112
9,4114,국회의사당,914,1,914,3,3,368,8663,4115,4113
9,4115,여의도,915,2,915,4,1,369,14823,4116,4114
9,4116,샛강,916,1,916,2,2,370,9985,4117,4115
9,4117,노량진,917,2,917,3,2,371,9509,4118,4116
9,4118,노들,918,1,918,2,2,372,9374,4119,4117
9,4119,흑석,919,1,919,2,2,373,4276,4120,4118
9,4120,동작,920,2,920,2,3,374,3575,4121,4119
9,4121,구반포,921,1,921,2,4,375,2361,4122,4120
9,4122,신반포,922,1,922,2,2,376,1729,4123,4121
9,4123,고속터미널,923,3,923,4,2,377,11020,4124,4122
9,4124,사평,924,1,924,2,2,378,1254,4125,4123
9,4125,신논현,925,1,925,2,2,379,113471,4126,4124
9,4126,언주,926,1,926,2,2,380,37287,4127,4125
9,4127,선정릉,927,2,927,2,2,381,19263,4128,4126
9,4128,삼성중앙,928,1,928,2,2,382,12247,4129,4127
9,4129,봉은사,929,1,929,3,2,383,12387,4130,4128
9,4130,종합운동장,930,2,930,0,3,384,5837,4130,4129
UI,4701,북한산우이,941,1,11329,,,385,263,9999,9999
UI,4702,솔밭공원,942,1,11322,,,386,1122,9999,9999
UI,4703,419민주묘지,943,1,11321,,,387,943,9999,9999
UI,4704,가오리,944,1,11324,,,388,1221,9999,9999
UI,4705,화계,945,1,11325,,,389,583,9999,9999
UI,4706,삼양,946,1,11326,,,390,171,9999,9999
UI,4707,삼양사거리,947,1,11327,,,391,182,9999,9999
UI,4708,솔샘,948,1,11328,,,392,368,9999,9999
UI,4709,북한산보국문,949,1,11329,,,393,229,9999,9999
UI,4710,정릉,950,1,11330,,,394,1432,9999,9999
UI,4711,성신여대입구,951,2,11331,,,395,7902,9999,9999
UI,4712,보문,952,2,11332,,,396,5997,9999,9999
UI,4713,신설동,953,3,11333,,,397,3787,9999,9999
A,1291,서울,A01,3,4001,4,0,398,337327,1292,1291
A,1292,공덕,A02,4,4002,4,4,399,35610,1293,1291
A,1293,홍대입구,A03,3,4003,4,3,400,101510,1294,1292
A,1294,디지털미디어시티,A04,3,4004,10,4,401,4058,4207,1293
A,4207,김포공항,A05,3,4005,6,10,402,2404,4208,1294
A,4208,계양,A06,2,4006,7,7,403,5327,4209,4207
A,4209,검암,A07,2,4007,5,6,404,8688,4210,4208
A,4210,청라국제도시,A071,1,4011,8,5,405,914,4217,4209
A,4217,영종,A072,1,4012,4,8,406,1342,4211,4210
A,4211,운서,A08,1,4008,5,4,407,8334,4212,4217
A,4212,공항화물청사,A09,1,4009,4,4,408,405,4213,4211
A,4213,인천국제공항,A10,1,4010,0,4,409,311,4213,4212
S,4310,청계산입구,D10,1,1913,7,3,410,1857,4311,4309
S,4311,판교,D11,2,1914,3,6,411,28045,4312,4310
S,4312,정자,D12,2,1915,5,3,412,74416,4314,4311
S,4314,동천,D14,1,1917,3,5,413,5447,4315,4312
S,4315,수지구청,D15,1,1918,3,3,414,9931,4316,4314
S,4316,성복,D16,1,1919,3,3,415,4988,4317,4315
S,4317,상현,D17,1,1920,3,3,416,11440,4318,4316
S,4318,광교중앙,D18,1,1921,4,3,417,11625,4319,4317
S,4319,광교,D19,1,1922,0,4,418,7824,4319,4318
S,4307,강남,D7,2,1910,2,0,419,1526403,4308,4307
S,4308,양재,D8,2,1911,2,2,420,57282,4309,4307
S,4309,양재시민의숲,D9,1,1912,3,2,421,3503,4310,4308
I,3110,계양,I110,2,20110,2,0,422,5327,3111,3110
I,3111,귤현,I111,1,20111,3,3,423,730,3112,3110
I,3112,박촌,I112,1,20112,2,3,424,1132,3113,3111
I,3113,임학,I113,1,20113,2,2,425,9816,3114,3112
I,3114,계산,I114,1,20114,2,2,426,11819,3115,3113
I,3115,경인교대입구,I115,1,20115,1,2,427,845,3116,3114
I,3116,작전,I116,1,20116,2,1,428,9045,3117,3115
I,3117,갈산,I117,1,20117,2,2,429,2593,3118,3116
I,3118,부평구청,I118,2,20118,2,2,430,7065,3119,3117
I,3119,부평시장,I119,1,20119,2,2,431,9594,3120,3118
I,3120,부평,I120,2,20120,2,1,432,89434,3121,3119
I,3121,동수,I121,1,20121,2,2,433,3057,3122,3120
I,3122,부평삼거리,I122,1,20122,2,2,434,744,3123,3121
I,3123,간석오거리,I123,1,20123,3,2,435,2006,3124,3122
I,3124,인천시청,I124,2,20124,2,3,436,2959,3125,3123
I,3125,예술회관,I125,1,20125,1,2,437,10902,3126,3124
I,3126,인천터미널,I126,1,20126,2,1,438,1907,3127,3125
I,3127,문학경기장,I127,1,20127,1,2,439,515,3128,3126
I,3128,선학,I128,1,20128,2,1,440,2339,3129,3127
I,3129,신연수,I129,1,20129,2,2,441,531,3130,3128
I,3130,원인재,I130,2,20130,2,2,442,1348,3131,3129
I,3131,동춘,I131,1,20131,2,2,443,2685,3132,3130
I,3132,동막,I132,1,20132,2,2,444,743,3133,3131
I,3133,캠퍼스타운,I133,1,20133,2,2,445,2196,3134,3132
I,3134,테크노파크,I134,1,20134,2,2,446,1488,3135,3133
I,3135,지식정보단지,I135,1,20135,2,2,447,383,3136,3134
I,3136,인천대입구,I136,1,20136,1,2,448,979,3137,3135
I,3137,센트럴파크,I137,1,20137,1,1,449,1428,3138,3136
I,3138,국제업무지구,I138,1,20138,0,1,450,795,3138,3137
I2,3201,검단오류,I201,1,20210,,,451,31,9999,9999
I2,3202,왕길,I202,1,20211,,,452,210,9999,9999
I2,3203,검단사거리,I203,1,20212,,,453,1006,9999,9999
I2,3204,마전,I204,1,20213,,,454,1403,9999,9999
I2,3205,완정,I205,1,20214,,,455,3633,9999,9999
I2,3206,독정,I206,1,20215,,,456,613,9999,9999
I2,3207,검암,I207,2,20216,,,457,8688,9999,9999
I2,3208,검바위,I208,1,20217,,,458,194,9999,9999
I2,3209,아시아드경기장,I209,1,20218,,,459,118,9999,9999
I2,3210,서구청,I210,1,20219,,,460,3135,9999,9999
I2,3211,가정,I211,1,20220,,,461,1054,9999,9999
I2,3212,가정중앙시장,I212,1,20221,,,462,634,9999,9999
I2,3213,석남,I213,1,20222,,,463,341,9999,9999
I2,3214,서부여성회관,I214,1,20223,,,464,200,9999,9999
I2,3215,인천가좌,I215,1,20224,,,465,377,9999,9999
I2,3216,가재울,I216,1,20225,,,466,497,9999,9999
I2,3217,주안국가산단,I217,1,20226,,,467,37,9999,9999
I2,3218,주안,I218,2,20227,,,468,29413,9999,9999
I2,3219,시민공원,I219,1,20228,,,469,1391,9999,9999
I2,3220,석바위시장,I220,1,20229,,,470,782,9999,9999
I2,3221,인천시청,I221,2,20230,,,471,2959,9999,9999
I2,3222,석천사거리,I222,1,20231,,,472,383,9999,9999
I2,3223,모래내시장,I223,1,20232,,,473,1221,9999,9999
I2,3224,만수,I224,1,20233,,,474,3099,9999,9999
I2,3225,남동구청,I225,1,20234,,,475,401,9999,9999
I2,3226,인천대공원,I226,1,20235,,,476,308,9999,9999
I2,3227,운연,I227,1,20236,,,477,110,9999,9999
K,1290,용산,K110,2,1318,4,6,478,88472,1008,1262
K,1008,이촌,K111,2,198,3,4,479,9328,1009,1290
K,1009,서빙고,K112,1,197,4,2,480,1009,1010,1008
K,1010,한남,K113,1,196,3,3,481,4526,1011,1009
K,1011,옥수,K114,2,195,2,3,482,11566,1012,1010
K,1012,응봉,K115,1,193,3,3,483,1429,1013,1011
K,1013,왕십리,K116,4,192,4,2,484,21025,1014,1012
K,1014,청량리,K117,3,191,3,4,485,15523,1200,1013
K,1200,회기,K118,3,1317,3,3,486,36074,1201,1014
K,1201,중랑,K119,2,1316,2,4,487,8040,1202,1200
K,1202,상봉,K120,3,1390,4,2,488,15065,1203,1201
K,1203,망우,K121,2,1315,3,2,489,7571,1204,1202
K,1204,양원,K122,1,1314,4,4,490,1656,1205,1203
K,1205,구리,K123,1,1313,3,4,491,12741,1206,1204
K,1206,도농,K124,1,1312,4,6,492,1801,1207,1205
K,1207,양정,K125,1,1311,3,4,493,1832,1208,1206
K,1208,덕소,K126,1,1310,3,3,494,1864,1209,1207
K,1209,도심,K127,1,1309,5,2,495,1922,1210,1208
K,1210,팔당,K128,1,1308,7,5,496,5471,1211,1209
K,1211,운길산,K129,1,1307,2,5,497,3872,1212,1210
K,1212,양수,K130,1,1306,5,3,498,5898,1213,1211
K,1213,신원,K131,1,1305,3,4,499,669,1214,1212
K,1214,국수,K132,1,1304,8,4,500,990,1215,1213
K,1215,아신,K133,1,1303,4,4,501,1103,1216,1214
K,1216,오빈,K134,1,1394,3,3,502,611,1217,1215
K,1217,양평(경의중앙선),K135,1,1390,8,3,503,0,1218,1216
K,1218,원덕,K136,1,1301,5,8,504,538,1219,1217
K,1219,용문,K137,1,1300,0,5,505,4488,1219,1218
K,1220,지평,K138,1,1299,,,506,62,9999,9999
B,1845,왕십리,K210,4,1510,3,0,507,21025,1847,1845
B,1847,서울숲,K211,1,1511,2,3,508,8322,1848,1845
B,1848,압구정로데오,K212,1,1512,3,2,509,16139,1849,1847
B,1849,강남구청,K213,2,1513,1,3,510,60591,1850,1848
B,1850,선정릉,K214,2,1514,2,1,511,19264,1023,1849
B,1023,선릉,K215,2,1515,2,2,512,136662,1024,1850
B,1025,도곡,K217,2,1517,1,1,513,4696,1026,1024
B,1030,수서,K221,2,1521,4,4,514,37875,1031,1028
B,1031,복정,K222,2,1522,3,4,515,4454,1851,1030
B,1851,가천대,K223,1,1523,2,3,516,1506,1852,1031
B,1852,태평,K224,1,1524,2,2,517,6732,1853,1851
B,1853,모란,K225,2,1525,3,2,518,33603,1854,1852
B,1854,야탑,K226,1,1526,2,3,519,30039,1860,1853
B,1860,이매,K227,2,1527,2,2,520,2948,1855,1854
B,1855,서현,K228,1,1528,2,2,521,130534,1856,1860
B,1856,수내,K229,1,1529,3,2,522,34364,1857,1855
B,1857,정자,K230,2,1530,3,2,523,74416,1858,1856
B,1858,미금,K231,1,1531,2,2,524,59378,1859,1857
B,1859,오리,K232,1,1532,4,2,525,31628,1862,1858
B,1862,죽전,K233,1,1534,3,3,526,17928,1861,1859
B,1861,보정,K234,1,1533,2,3,527,1847,1863,1862
B,1863,구성,K235,1,1535,3,3,528,3055,1864,1861
B,1864,신갈,K236,1,1536,2,2,529,1582,1865,1863
B,1865,기흥,K237,2,1537,2,2,530,6735,1866,1864
B,1866,상갈,K238,1,1538,4,3,531,936,1867,1865
B,1867,청명,K239,1,1539,1,3,532,1513,1868,1866
B,1868,영통,K240,1,1540,3,2,533,16176,1869,1867
B,1869,망포,K241,1,1541,2,2,534,25951,1870,1868
B,1870,매탄권선,K242,1,1542,3,3,535,2782,1871,1869
B,1871,수원시청,K243,1,1543,3,3,536,30879,1872,1870
B,1872,매교,K244,1,1544,2,2,537,2124,1846,1871
B,1846,수원,K245,2,1545,0,2,538,410329,1846,1872
SU,1877,오이도,K250,2,11121,3,0,539,5640,1878,1877
SU,1878,달월,K251,1,11150,2,3,540,291,1879,1877
SU,1879,월곶,K252,1,11122,2,2,541,1120,1880,1878
SU,1880,소래포구,K253,1,11123,2,2,542,3368,1881,1879
SU,1881,인천논현,K254,1,11124,2,2,543,7062,1882,1880
SU,1882,호구포,K255,1,11125,2,2,544,4287,1883,1881
SU,1883,남동인더스파크,K256,1,11126,2,2,545,555,1884,1882
SU,1884,원인재,K257,2,11127,2,2,546,1348,1885,1883
SU,1885,연수,K258,1,11128,4,2,547,6009,1886,1884
SU,1886,송도,K259,1,11129,0,4,548,1845,1886,1885
SU,1889,숭의,K262,1,11132,2,3,550,874,1890,1888
SU,1890,신포,K263,1,11133,2,2,551,2002,1889,1891
SU,1891,인천,K264,2,11134,2,0,552,18304,1890,1891
K,1262,공덕,K312,4,1607,6,3,553,35610,1290,1263
K,1263,서강대,K313,1,1608,3,2,554,2005,1262,1264
K,1264,홍대입구,K314,3,1609,2,3,555,101514,1263,1265
K,1265,가좌,K315,1,1612,3,3,556,7180,1264,1266
K,1266,디지털미디어시티,K316,3,1613,2,2,557,4058,1265,1267
K,1267,수색,K317,1,1614,2,3,558,2895,1266,1268
K,1268,화전,K318,1,1615,4,3,559,1214,1267,1269
K,1269,강매,K319,1,1635,4,2,560,758,1268,1270
K,1270,행신,K320,1,1616,2,3,561,8063,1269,1271
K,1271,능곡,K321,1,1617,3,3,562,2205,1270,1249
K,1249,대곡,K322,2,1618,3,2,563,7483,1271,1272
K,1272,곡산,K323,1,1619,3,3,564,401,1249,1273
K,1273,백마,K324,1,1620,2,2,565,2322,1272,1274
K,1274,풍산,K325,1,1621,3,3,566,7927,1273,1275
K,1275,일산,K326,1,1622,2,2,567,5355,1274,1276
K,1276,탄현,K327,1,1623,3,5,568,5743,1275,1278
K,1277,야당,K328,1,1636,2,2,569,8737,1276,1278
K,1278,운정,K329,1,1624,5,3,570,2887,1276,1279
K,1279,금릉,K330,1,1625,4,2,571,4895,1278,1280
K,1280,금촌,K331,1,1626,3,4,572,4627,1279,1282
K,1282,월롱,K333,1,1627,4,3,573,933,1280,1283
K,1283,파주,K334,1,1628,3,3,574,532,1282,1284
K,1284,문산,K335,1,1629,4,0,575,3277,1283,1284
KK,1501,판교,K410,2,11221,,,576,28045,9999,9999
KK,1502,이매,K411,2,11222,,,577,2948,9999,9999
KK,1503,삼동,K412,1,11223,,,578,429,9999,9999
KK,1504,경기광주,K413,1,11224,,,579,5548,9999,9999
KK,1505,초월,K414,1,11225,,,580,1389,9999,9999
KK,1506,곤지암,K415,1,11226,,,581,821,9999,9999
KK,1507,신둔도예촌,K416,1,11227,,,582,360,9999,9999
KK,1508,이천,K417,1,11228,,,583,996,9999,9999
KK,1509,부발,K418,1,11229,,,584,515,9999,9999
KK,1510,세종대왕릉,K419,1,11230,,,585,468,9999,9999
KK,1511,여주,K420,1,11231,,,586,1310,9999,9999
K,1261,효창공원앞,K826,2,1606,4,2,587,2656,1290,1262
G,1305,청량리,P116,3,1806,,,588,15523,9999,9999
G,1306,회기,P117,3,1807,,,589,36073,9999,9999
G,1307,중랑,P118,2,1808,,,590,8040,9999,9999
G,1308,광운대,P119,2,1809,16,0,591,3867,1309,1308
G,1309,상봉,P120,3,1810,4,16,592,15064,1310,1308
G,1310,망우,P121,2,1811,2,2,593,7571,1311,1309
G,1311,신내,P122,1,1812,4,3,594,504,1312,1310
G,1312,갈매,P123,1,1813,2,4,595,2050,1313,1311
G,1313,별내,P124,1,1814,2,2,596,3069,1314,1312
G,1314,퇴계원,P125,1,1815,4,2,597,731,1315,1313
G,1315,사릉,P126,1,1816,3,4,598,1041,1316,1314
G,1316,금곡,P127,1,1817,4,3,599,1018,1317,1315
G,1317,평내호평,P128,1,1818,4,4,600,4656,1318,1316
G,1318,천마산,P129,1,1819,3,4,601,863,1319,1317
G,1319,마석,P130,1,1820,6,2,602,1664,1320,1318
G,1320,대성리,P131,1,1821,6,6,603,2528,1321,1319
G,1321,청평,P132,1,1822,5,7,604,3990,1322,1320
G,1322,상천,P133,1,1823,6,4,605,954,1323,1321
G,1323,가평,P134,1,1824,5,6,606,9429,1324,1322
G,1324,굴봉산,P135,1,1825,3,4,607,856,1325,1323
G,1325,백양리,P136,1,1826,5,4,608,876,1326,1324
G,1326,강촌,P137,1,1827,6,5,609,3377,1327,1325
G,1327,김유정,P138,1,1828,6,6,610,36329,1328,1326
G,1328,남춘천,P139,1,1829,3,6,611,8322,1329,1327
G,1329,춘천,P140,1,1830,0,3,612,14334,1329,1328
1,1702,가산디지털단지,P142,2,172,3,5,613,10664,1714,1701
1,1714,독산,P143,1,173,2,3,614,6072,1703,1702
1,1703,금천구청,P144,1,174,3,2,615,2686,1704,1714
1,1750,광명,P144-1,1,1175,5,0,616,26265,1750,1750
1,1704,석수,P145,1,175,3,3,617,3922,1705,1703
1,1705,관악,P146,1,176,3,2,618,2887,1706,1704
1,1706,안양,P147,1,177,3,3,619,41090,1707,1705
1,1707,명학,P148,1,178,3,3,620,3451,1708,1706
1,1708,금정,P149,2,179,3,2,621,15562,1709,1707
1,1709,군포,P150,1,180,2,3,622,3037,1729,1708
1,1729,당정,P151,1,1181,3,2,623,5306,1710,1709
1,1710,의왕,P152,1,181,3,3,624,7509,1711,1729
1,1711,성균관대,P153,1,182,4,3,625,12678,1712,1710
1,1712,화서,P154,1,183,3,4,626,8469,1713,1711
1,1713,수원,P155,2,184,3,3,627,410333,1715,1712
1,1715,세류,P156,1,185,5,3,628,1846,1716,1713
1,1716,병점,P157,1,186,3,4,629,6184,1717,1715
1,1749,서동탄,P157-1,1,1187,0,6,630,3359,1749,1716
1,1717,세마,P158,1,187,3,3,631,3394,1718,1716
1,1718,오산대,P159,1,188,4,3,632,5240,1719,1717
1,1719,오산,P160,1,189,3,4,633,7583,1720,1718
1,1720,진위,P161,1,190,4,3,634,469,1721,1719
1,1721,송탄,P162,1,1401,3,4,635,3385,1722,1720
1,1722,서정리,P163,1,1402,5,3,636,3452,1723,1721
1,1723,지제,P164,1,1403,4,5,637,2487,1724,1722
1,1724,평택,P165,1,1404,8,4,638,31749,1725,1723
1,1725,성환,P166,1,1405,5,7,639,1213,1726,1724
1,1726,직산,P167,1,1406,4,5,640,363,1727,1725
1,1727,두정,P168,1,1407,4,5,641,6679,1728,1726
1,1728,천안,P169,1,1408,3,5,642,28603,1401,1727
1,1401,봉명,P170,1,1409,3,2,643,1071,1402,1728
1,1402,쌍용(나사렛대),P171,1,1410,2,3,644,0,1403,1401
1,1403,아산,P172,1,1411,5,2,645,3466,1405,1402
1,1405,배방,P174,1,1413,4,5,646,2113,1407,1403
1,1407,온양온천,P176,1,1415,5,4,647,6734,1408,1405
1,1408,신창,P177,1,1416,0,5,648,888,1408,1407
K,1252,신촌(경의중앙선),P312,1,1611,,,649,0,1252,1252
K,1251,서울(경의중앙선),P313,1,1610,,,650,0,9999,9999
5,2555,둔촌동,P549,1,569,2,3,651,4973,2556,2549
5,2556,올림픽공원,P550,1,570,2,2,652,2636,2557,2555
5,2557,방이,P551,1,571,2,2,653,11450,2558,2556
5,2558,오금,P552,2,352,2,1,654,5279,2559,2557
5,2559,개롱,P553,1,573,2,2,655,6963,2560,2558
5,2560,거여,P554,1,574,1,2,656,2978,2561,2559
5,2561,마천,P555,1,575,0,1,657,1024,2561,2560
U,4601,발곡,U110,1,11001,,,658,817,9999,9999
U,4602,회룡,U111,2,11002,,,659,19377,9999,9999
U,4603,범골,U112,1,11003,,,660,1355,9999,9999
U,4604,경전철의정부,U113,1,11004,,,661,13,9999,9999
U,4605,의정부시청,U114,1,11005,,,662,72,9999,9999
U,4606,흥선,U115,1,11006,,,663,303,9999,9999
U,4607,의정부중앙,U117,1,11007,,,664,691,9999,9999
U,4608,동오,U118,1,11008,,,665,584,9999,9999
U,4609,새말,U119,1,11009,,,666,984,9999,9999
U,4610,경기도청북부청사,U120,1,11010,,,667,108,9999,9999
U,4611,효자,U121,1,11011,,,668,284,9999,9999
U,4612,곤제,U122,1,11012,,,669,160,9999,9999
U,4613,어룡,U123,1,11013,,,670,455,9999,9999
U,4614,송산,U124,1,11014,,,671,1263,9999,9999
U,4615,탑석,U125,1,11015,,,672,942,9999,9999
E,4501,기흥,Y110,2,1701,,,673,6735,9999,9999
E,4502,강남대,Y111,1,1702,,,674,1143,9999,9999
E,4503,지석,Y112,1,1703,,,675,133,9999,9999
E,4504,어정,Y113,1,1704,,,676,3065,9999,9999
E,4505,동백,Y114,1,1705,,,677,5490,9999,9999
E,4506,초당,Y115,1,1706,,,678,463,9999,9999
E,4508,삼가,Y116,1,1707,,,679,406,9999,9999
E,4509,시청·용인대,Y117,1,1708,,,680,0,9999,9999
E,4510,명지대,Y118,1,1709,,,681,781,9999,9999
E,4511,김량장,Y119,1,1710,,,682,849,9999,9999
E,4512,운동장·송담대,Y120,1,1711,,,683,0,9999,9999
E,4513,고진,Y121,1,1712,,,684,164,9999,9999
E,4514,보평,Y123,1,1713,,,685,343,9999,9999
E,4515,둔전,Y125,1,1714,,,686,472,9999,9999
E,4517,전대·에버랜드,Y126,1,1715,,,687,0,9999,9999
B,1024,한티,k216,1,1516,2,2,689,28340,1025,1023
B,1026,구룡,k218,1,1518,2,1,690,914,1027,1025
B,1027,개포동,k219,1,1519,1,2,691,2554,1028,1026
B,1028,대모산입구,k220,1,1520,4,2,692,756,1030,1027
SU,1888,인하대,K261,1,11131,3,2,549,3887,1889,1886
T,9999,테스트,ZTTT,1,999999,9999999,9999999,688,0,9999,9999
